{"info":{"_postman_id":"33ea60d0-9276-4a79-8957-e582bf18daab","name":"Java","schema":"https://schema.getpostman.com/json/collection/v2.1.0/collection.json"},"item":[{"name":"auth","item":[{"name":"auth","id":"aff77f6e-3f93-4359-8165-f9157e995ac3","protocolProfileBehavior":{"disableBodyPruning":true},"request":{"method":"POST","header":[],"body":{"mode":"raw","raw":"{\r\n    \"username\": \"admin\",\r\n    \"password\": \"123456\"\r\n}","options":{"raw":{"language":"json"}}},"url":{"raw":"{{url}}/auth","host":["{{url}}"],"path":["auth"]}},"response":[]}],"id":"b305902f-8bb9-4a32-b8bf-1f78871afe65"},{"name":"users","item":[{"name":"users","id":"41a438c5-46a2-4fbe-929c-35795092eab4","protocolProfileBehavior":{"disableBodyPruning":true,"disabledSystemHeaders":{}},"request":{"method":"GET","header":[],"url":{"raw":"{{url}}/users","host":["{{url}}"],"path":["users"]}},"response":[]},{"name":"users/id","id":"85aef7dd-1dc7-4b4c-8eb8-6e33530a64cc","protocolProfileBehavior":{"disableBodyPruning":true,"disabledSystemHeaders":{}},"request":{"method":"GET","header":[],"url":{"raw":"{{url}}/users/{{userid}}","host":["{{url}}"],"path":["users","{{userid}}"]}},"response":[]},{"name":"users","event":[{"listen":"test","script":{"id":"558b77a6-c43e-4598-829e-35cb78748ef0","exec":["pm.globals.set(\"userid\", pm.response.json());"],"type":"text/javascript"}}],"id":"c400610e-f56c-4400-8ece-9c7b8adfc9f3","protocolProfileBehavior":{"disableBodyPruning":true,"disabledSystemHeaders":{}},"request":{"method":"POST","header":[],"body":{"mode":"raw","raw":"{\r\n    \"name\": \"{{$randomFullName}}\",\r\n    \"email\": \"{{$randomEmail}}\",\r\n    \"username\": \"{{$randomUserName}}\",\r\n    \"password\": \"{{$randomPassword}}\"\r\n}","options":{"raw":{"language":"json"}}},"url":{"raw":"{{url}}/users","host":["{{url}}"],"path":["users"]}},"response":[]},{"name":"users","event":[{"listen":"test","script":{"id":"558b77a6-c43e-4598-829e-35cb78748ef0","exec":[""],"type":"text/javascript"}}],"id":"f1a694e6-f9c5-4b2f-acdb-c80a636ebfdc","protocolProfileBehavior":{"disableBodyPruning":true,"disabledSystemHeaders":{}},"request":{"method":"PUT","header":[],"body":{"mode":"raw","raw":"{\r\n    \"id\": \"{{userid}}\",\r\n    \"name\": \"{{$randomFullName}}\",\r\n    \"email\": \"{{$randomEmail}}\",\r\n    \"username\": \"{{$randomUserName}}\",\r\n    \"password\": \"{{$randomPassword}}\"\r\n}","options":{"raw":{"language":"json"}}},"url":{"raw":"{{url}}/users/{{userid}}","host":["{{url}}"],"path":["users","{{userid}}"]}},"response":[]},{"name":"users/id","id":"d97bfe9e-c18b-431b-81d0-4d5aa60caca6","protocolProfileBehavior":{"disableBodyPruning":true,"disabledSystemHeaders":{}},"request":{"method":"DELETE","header":[],"url":{"raw":"{{url}}/users/{{userid}}","host":["{{url}}"],"path":["users","{{userid}}"]}},"response":[]}],"id":"35addf27-0b38-4fd1-9dc7-56a3e900342b"},{"name":"products","item":[{"name":"products","id":"7715d146-536d-4504-a6e9-f11bec11dbbf","protocolProfileBehavior":{"disableBodyPruning":true,"disabledSystemHeaders":{}},"request":{"method":"GET","header":[],"url":{"raw":"{{url}}/products","host":["{{url}}"],"path":["products"]}},"response":[]},{"name":"products/id","id":"a9bc7a95-5017-4c39-bc1d-075ad9c10491","protocolProfileBehavior":{"disableBodyPruning":true,"disabledSystemHeaders":{}},"request":{"method":"GET","header":[],"url":{"raw":"{{url}}/products/{{productid}}","host":["{{url}}"],"path":["products","{{productid}}"]}},"response":[]},{"name":"products","event":[{"listen":"test","script":{"id":"558b77a6-c43e-4598-829e-35cb78748ef0","exec":["pm.globals.set(\"productid\", pm.response.json());"],"type":"text/javascript"}}],"id":"dd9be09e-34fa-480f-99db-19d9db3a4f5e","protocolProfileBehavior":{"disableBodyPruning":true,"disabledSystemHeaders":{}},"request":{"method":"POST","header":[],"body":{"mode":"raw","raw":"{\r\n    \"description\": \"{{$randomProduct}}\",\r\n    \"price\": {{$randomPrice}}\r\n}","options":{"raw":{"language":"json"}}},"url":{"raw":"{{url}}/products","host":["{{url}}"],"path":["products"]}},"response":[]},{"name":"products","event":[{"listen":"test","script":{"id":"558b77a6-c43e-4598-829e-35cb78748ef0","exec":[""],"type":"text/javascript"}}],"id":"45e044db-f220-4741-abb6-c03e14fd711b","protocolProfileBehavior":{"disableBodyPruning":true,"disabledSystemHeaders":{}},"request":{"method":"PUT","header":[],"body":{"mode":"raw","raw":"{\r\n    \"id\": \"{{productid}}\",\r\n    \"description\": \"{{$randomProduct}}\",\r\n    \"price\": {{$randomPrice}}\r\n}","options":{"raw":{"language":"json"}}},"url":{"raw":"{{url}}/products/{{productid}}","host":["{{url}}"],"path":["products","{{productid}}"]}},"response":[]},{"name":"products/id/price","event":[{"listen":"test","script":{"id":"558b77a6-c43e-4598-829e-35cb78748ef0","exec":[""],"type":"text/javascript"}}],"id":"7fea7ccd-6152-4572-a6e7-3011d7f7e836","protocolProfileBehavior":{"disableBodyPruning":true,"disabledSystemHeaders":{}},"request":{"method":"PATCH","header":[],"url":{"raw":"{{url}}/products/{{productid}}/price/{{$randomPrice}}","host":["{{url}}"],"path":["products","{{productid}}","price","{{$randomPrice}}"]}},"response":[]},{"name":"products/id","id":"0101c63a-6066-433c-9122-1a5ec92ae879","protocolProfileBehavior":{"disableBodyPruning":true,"disabledSystemHeaders":{}},"request":{"method":"DELETE","header":[],"url":{"raw":"{{url}}/products/{{productid}}","host":["{{url}}"],"path":["products","{{productid}}"]}},"response":[]}],"id":"b364ee31-09cb-4337-b03e-5302acd1037c"}]}